<assembly xmlns:xsi="http://www.w3.org/2001/XMLSchema-instance"
          xmlns="http://maven.apache.org/ASSEMBLY/2.0.0"
          xsi:schemaLocation="http://maven.apache.org/ASSEMBLY/2.0.0 http://maven.apache.org/xsd/assembly-2.0.0.xsd">
    <id>dist</id>
    <formats>
        <format>tar.gz</format>
    </formats>
    <includeBaseDirectory>true</includeBaseDirectory>
    <fileSets>
        <fileSet>
            <directory>target/classes/bin</directory>
            <outputDirectory>bin</outputDirectory>
            <includes>
                <include>**/*</include>
            </includes>
            <fileMode>0755</fileMode>
        </fileSet>

        <fileSet>
            <directory>../qa-enable-platform-web/target</directory>
            <outputDirectory>.</outputDirectory>
            <includes>
                <include>**/*.jar</include>
            </includes>
            <excludes>
                <exclude>**/*-sources.jar</exclude>
                <exclude>**/*-docs.jar</exclude>
                <exclude>**/*-tests.jar</exclude>
            </excludes>
            <fileMode>0755</fileMode>
        </fileSet>
    </fileSets>

</assembly>
