<?xml version="1.0" encoding="UTF-8"?>
<configuration>

    <include resource="com/youzan/boot/logging/logback/youzan-base.xml"/>
    <include resource="com/youzan/boot/logging/logback/youzan-dubbo.xml"/>
    <include resource="com/youzan/boot/logging/logback/youzan-sql.xml"/>
<!--    <include resource="com/youzan/boot/logging/logback/youzan-track.xml"/>-->

<!--    <springProfile name="!dev">-->
<!--        <logger name="com.youzan.ycm.qa.enable.platform" additivity="false">-->
<!--            <level value="info"/>-->
<!--            <appender-ref ref="ASYNC"/>-->
<!--            <appender-ref ref="ERROR"/>-->
<!--            <appender-ref ref="TRACK"/>-->
<!--            <appender-ref ref="CONSOLE"/>-->
<!--        </logger>-->
<!--    </springProfile>-->

<!--    <springProfile name="dev">-->
<!--        <logger name="com.youzan.ycm.qa.enable.platform" additivity="false">-->
<!--            <level value="info"/>-->
<!--            <appender-ref ref="ASYNC"/>-->
<!--            <appender-ref ref="ERROR"/>-->
<!--            <appender-ref ref="CONSOLE"/>-->
<!--        </logger>-->
<!--    </springProfile>-->

<!--    <property name="APP_NAME" value="qa-enable-platform"/>-->
<!--    <property name="LOG_HOME" value="/data/logs/qa-enable-platform/"/>-->
<!--    <property name="ENCODER_PATTERN"-->
<!--              value="%d{yyyy-MM-dd  HH:mm:ss.SSS} [%thread] %-5level %logger{80} [%X{TraceId}] [%X{TraceStr}] [%X{ChannelStr}] - %msg%n"/>-->
<!--    <property name="DIGEST_ALIVE_DAYS" value="90"/>-->
<!--    <property name="INFO_ALIVE_DAYS" value="30"/>-->
<!--    <property name="ERROR_ALIVE_DAYS" value="90"/>-->

<!--    <contextName>${APP_NAME}</contextName>-->

<!--    &lt;!&ndash; 控制台日志：输出全部日志到控制台 &ndash;&gt;-->
<!--    <appender name="consoleAppender" class="ch.qos.logback.core.ConsoleAppender">-->
<!--        <encoder class="ch.qos.logback.classic.encoder.PatternLayoutEncoder">-->
<!--            <Pattern>${ENCODER_PATTERN}</Pattern>-->
<!--        </encoder>-->
<!--    </appender>-->

<!--    &lt;!&ndash; 文件日志：输出全部日志到文件 &ndash;&gt;-->
<!--    <appender name="allFileAppender" class="ch.qos.logback.core.rolling.RollingFileAppender">-->
<!--        <file>${LOG_HOME}/all.log</file>-->
<!--        <rollingPolicy class="ch.qos.logback.core.rolling.TimeBasedRollingPolicy">-->
<!--            <fileNamePattern>${LOG_HOME}/bak/%d{yyyy-MM-dd}/all.%i.log.gz</fileNamePattern>-->
<!--            <maxHistory>${INFO_ALIVE_DAYS}</maxHistory>-->
<!--            <TimeBasedFileNamingAndTriggeringPolicy class="ch.qos.logback.core.rolling.SizeAndTimeBasedFNATP">-->
<!--                <MaxFileSize>500MB</MaxFileSize>-->
<!--            </TimeBasedFileNamingAndTriggeringPolicy>-->
<!--        </rollingPolicy>-->
<!--        <encoder class="ch.qos.logback.classic.encoder.PatternLayoutEncoder">-->
<!--            <pattern>${ENCODER_PATTERN}</pattern>-->
<!--        </encoder>-->
<!--    </appender>-->


<!--    &lt;!&ndash; request &ndash;&gt;-->
<!--    <appender name="requestAppender" class="ch.qos.logback.core.rolling.RollingFileAppender">-->
<!--        <file>${LOG_HOME}/request.log</file>-->
<!--        <rollingPolicy class="ch.qos.logback.core.rolling.TimeBasedRollingPolicy">-->
<!--            <fileNamePattern>${LOG_HOME}/bak/%d{yyyy-MM-dd}/request.%i.log.gz</fileNamePattern>-->
<!--            <maxHistory>${DIGEST_ALIVE_DAYS}</maxHistory>-->
<!--            <TimeBasedFileNamingAndTriggeringPolicy class="ch.qos.logback.core.rolling.SizeAndTimeBasedFNATP">-->
<!--                <MaxFileSize>500MB</MaxFileSize>-->
<!--            </TimeBasedFileNamingAndTriggeringPolicy>-->
<!--        </rollingPolicy>-->
<!--        <encoder class="ch.qos.logback.classic.encoder.PatternLayoutEncoder">-->
<!--            <pattern>${ENCODER_PATTERN}</pattern>-->
<!--        </encoder>-->
<!--    </appender>-->

<!--    &lt;!&ndash; service-digest &ndash;&gt;-->
<!--    <appender name="serviceDigest" class="ch.qos.logback.core.rolling.RollingFileAppender">-->
<!--        <file>${LOG_HOME}/service-digest.log</file>-->
<!--        <rollingPolicy class="ch.qos.logback.core.rolling.TimeBasedRollingPolicy">-->
<!--            <fileNamePattern>${LOG_HOME}/bak/%d{yyyy-MM-dd}/service-digest.%i.log.gz</fileNamePattern>-->
<!--            <maxHistory>${DIGEST_ALIVE_DAYS}</maxHistory>-->
<!--            <TimeBasedFileNamingAndTriggeringPolicy class="ch.qos.logback.core.rolling.SizeAndTimeBasedFNATP">-->
<!--                <MaxFileSize>500MB</MaxFileSize>-->
<!--            </TimeBasedFileNamingAndTriggeringPolicy>-->
<!--        </rollingPolicy>-->
<!--        <encoder class="ch.qos.logback.classic.encoder.PatternLayoutEncoder">-->
<!--            <pattern>${ENCODER_PATTERN}</pattern>-->
<!--        </encoder>-->
<!--    </appender>-->

<!--    &lt;!&ndash; service-info &ndash;&gt;-->
<!--    <appender name="serviceInfo" class="ch.qos.logback.core.rolling.RollingFileAppender">-->
<!--        <file>${LOG_HOME}/service-info.log</file>-->
<!--        <rollingPolicy class="ch.qos.logback.core.rolling.TimeBasedRollingPolicy">-->
<!--            <fileNamePattern>${LOG_HOME}/bak/%d{yyyy-MM-dd}/service-info.%i.log.gz</fileNamePattern>-->
<!--            <maxHistory>${INFO_ALIVE_DAYS}</maxHistory>-->
<!--            <TimeBasedFileNamingAndTriggeringPolicy class="ch.qos.logback.core.rolling.SizeAndTimeBasedFNATP">-->
<!--                <MaxFileSize>500MB</MaxFileSize>-->
<!--            </TimeBasedFileNamingAndTriggeringPolicy>-->
<!--        </rollingPolicy>-->
<!--        <encoder class="ch.qos.logback.classic.encoder.PatternLayoutEncoder">-->
<!--            <pattern>${ENCODER_PATTERN}</pattern>-->
<!--        </encoder>-->
<!--    </appender>-->

<!--    &lt;!&ndash; calc-digest &ndash;&gt;-->
<!--    <appender name="calculateDigest" class="ch.qos.logback.core.rolling.RollingFileAppender">-->
<!--        <file>${LOG_HOME}/calc-digest.log</file>-->
<!--        <rollingPolicy class="ch.qos.logback.core.rolling.TimeBasedRollingPolicy">-->
<!--            <fileNamePattern>${LOG_HOME}/bak/%d{yyyy-MM-dd}/calc-digest.%i.log.gz</fileNamePattern>-->
<!--            <maxHistory>${INFO_ALIVE_DAYS}</maxHistory>-->
<!--            <TimeBasedFileNamingAndTriggeringPolicy class="ch.qos.logback.core.rolling.SizeAndTimeBasedFNATP">-->
<!--                <MaxFileSize>500MB</MaxFileSize>-->
<!--            </TimeBasedFileNamingAndTriggeringPolicy>-->
<!--        </rollingPolicy>-->
<!--        <encoder class="ch.qos.logback.classic.encoder.PatternLayoutEncoder">-->
<!--            <pattern>${ENCODER_PATTERN}</pattern>-->
<!--        </encoder>-->
<!--    </appender>-->

<!--    &lt;!&ndash; resource-digest &ndash;&gt;-->
<!--    <appender name="resourceDigest" class="ch.qos.logback.core.rolling.RollingFileAppender">-->
<!--        <file>${LOG_HOME}/resource-digest.log</file>-->
<!--        <rollingPolicy class="ch.qos.logback.core.rolling.TimeBasedRollingPolicy">-->
<!--            <fileNamePattern>${LOG_HOME}/bak/%d{yyyy-MM-dd}/resource-digest.%i.log.gz</fileNamePattern>-->
<!--            <maxHistory>${INFO_ALIVE_DAYS}</maxHistory>-->
<!--            <TimeBasedFileNamingAndTriggeringPolicy class="ch.qos.logback.core.rolling.SizeAndTimeBasedFNATP">-->
<!--                <MaxFileSize>500MB</MaxFileSize>-->
<!--            </TimeBasedFileNamingAndTriggeringPolicy>-->
<!--        </rollingPolicy>-->
<!--        <encoder class="ch.qos.logback.classic.encoder.PatternLayoutEncoder">-->
<!--            <pattern>${ENCODER_PATTERN}</pattern>-->
<!--        </encoder>-->
<!--    </appender>-->

<!--    &lt;!&ndash; resource-info &ndash;&gt;-->
<!--    <appender name="resourceInfo" class="ch.qos.logback.core.rolling.RollingFileAppender">-->
<!--        <file>${LOG_HOME}/resource-info.log</file>-->
<!--        <rollingPolicy class="ch.qos.logback.core.rolling.TimeBasedRollingPolicy">-->
<!--            <fileNamePattern>${LOG_HOME}/bak/%d{yyyy-MM-dd}/resource-info.%i.log.gz</fileNamePattern>-->
<!--            <maxHistory>${INFO_ALIVE_DAYS}</maxHistory>-->
<!--            <TimeBasedFileNamingAndTriggeringPolicy class="ch.qos.logback.core.rolling.SizeAndTimeBasedFNATP">-->
<!--                <MaxFileSize>500MB</MaxFileSize>-->
<!--            </TimeBasedFileNamingAndTriggeringPolicy>-->
<!--        </rollingPolicy>-->
<!--        <encoder class="ch.qos.logback.classic.encoder.PatternLayoutEncoder">-->
<!--            <pattern>${ENCODER_PATTERN}</pattern>-->
<!--        </encoder>-->
<!--    </appender>-->

<!--    &lt;!&ndash; group-info &ndash;&gt;-->
<!--    <appender name="groupInfo" class="ch.qos.logback.core.rolling.RollingFileAppender">-->
<!--        <file>${LOG_HOME}/group-info.log</file>-->
<!--        <rollingPolicy class="ch.qos.logback.core.rolling.TimeBasedRollingPolicy">-->
<!--            <fileNamePattern>${LOG_HOME}/bak/%d{yyyy-MM-dd}/group-info.%i.log.gz</fileNamePattern>-->
<!--            <maxHistory>${INFO_ALIVE_DAYS}</maxHistory>-->
<!--            <TimeBasedFileNamingAndTriggeringPolicy class="ch.qos.logback.core.rolling.SizeAndTimeBasedFNATP">-->
<!--                <MaxFileSize>500MB</MaxFileSize>-->
<!--            </TimeBasedFileNamingAndTriggeringPolicy>-->
<!--        </rollingPolicy>-->
<!--        <encoder class="ch.qos.logback.classic.encoder.PatternLayoutEncoder">-->
<!--            <pattern>${ENCODER_PATTERN}</pattern>-->
<!--        </encoder>-->
<!--    </appender>-->

<!--    &lt;!&ndash; plan-info &ndash;&gt;-->
<!--    <appender name="planInfo" class="ch.qos.logback.core.rolling.RollingFileAppender">-->
<!--        <file>${LOG_HOME}/plan-info.log</file>-->
<!--        <rollingPolicy class="ch.qos.logback.core.rolling.TimeBasedRollingPolicy">-->
<!--            <fileNamePattern>${LOG_HOME}/bak/%d{yyyy-MM-dd}/plan-info.%i.log.gz</fileNamePattern>-->
<!--            <maxHistory>${INFO_ALIVE_DAYS}</maxHistory>-->
<!--            <TimeBasedFileNamingAndTriggeringPolicy class="ch.qos.logback.core.rolling.SizeAndTimeBasedFNATP">-->
<!--                <MaxFileSize>500MB</MaxFileSize>-->
<!--            </TimeBasedFileNamingAndTriggeringPolicy>-->
<!--        </rollingPolicy>-->
<!--        <encoder class="ch.qos.logback.classic.encoder.PatternLayoutEncoder">-->
<!--            <pattern>${ENCODER_PATTERN}</pattern>-->
<!--        </encoder>-->
<!--    </appender>-->

<!--    &lt;!&ndash; execute-info &ndash;&gt;-->
<!--    <appender name="executeInfo" class="ch.qos.logback.core.rolling.RollingFileAppender">-->
<!--        <file>${LOG_HOME}/execute-info.log</file>-->
<!--        <rollingPolicy class="ch.qos.logback.core.rolling.TimeBasedRollingPolicy">-->
<!--            <fileNamePattern>${LOG_HOME}/bak/%d{yyyy-MM-dd}/execute-info.%i.log.gz</fileNamePattern>-->
<!--            <maxHistory>${INFO_ALIVE_DAYS}</maxHistory>-->
<!--            <TimeBasedFileNamingAndTriggeringPolicy class="ch.qos.logback.core.rolling.SizeAndTimeBasedFNATP">-->
<!--                <MaxFileSize>500MB</MaxFileSize>-->
<!--            </TimeBasedFileNamingAndTriggeringPolicy>-->
<!--        </rollingPolicy>-->
<!--        <encoder class="ch.qos.logback.classic.encoder.PatternLayoutEncoder">-->
<!--            <pattern>${ENCODER_PATTERN}</pattern>-->
<!--        </encoder>-->
<!--    </appender>-->

<!--    &lt;!&ndash; execute-info &ndash;&gt;-->
<!--    <appender name="validateInfo" class="ch.qos.logback.core.rolling.RollingFileAppender">-->
<!--        <file>${LOG_HOME}/validate-info.log</file>-->
<!--        <rollingPolicy class="ch.qos.logback.core.rolling.TimeBasedRollingPolicy">-->
<!--            <fileNamePattern>${LOG_HOME}/bak/%d{yyyy-MM-dd}/validate-info.%i.log.gz</fileNamePattern>-->
<!--            <maxHistory>${INFO_ALIVE_DAYS}</maxHistory>-->
<!--            <TimeBasedFileNamingAndTriggeringPolicy class="ch.qos.logback.core.rolling.SizeAndTimeBasedFNATP">-->
<!--                <MaxFileSize>500MB</MaxFileSize>-->
<!--            </TimeBasedFileNamingAndTriggeringPolicy>-->
<!--        </rollingPolicy>-->
<!--        <encoder class="ch.qos.logback.classic.encoder.PatternLayoutEncoder">-->
<!--            <pattern>${ENCODER_PATTERN}</pattern>-->
<!--        </encoder>-->
<!--    </appender>-->

<!--    &lt;!&ndash; filter-info &ndash;&gt;-->
<!--    <appender name="filterInfo" class="ch.qos.logback.core.rolling.RollingFileAppender">-->
<!--        <file>${LOG_HOME}/filter-info.log</file>-->
<!--        <rollingPolicy class="ch.qos.logback.core.rolling.TimeBasedRollingPolicy">-->
<!--            <fileNamePattern>${LOG_HOME}/bak/%d{yyyy-MM-dd}/filter-info.%i.log.gz</fileNamePattern>-->
<!--            <maxHistory>${INFO_ALIVE_DAYS}</maxHistory>-->
<!--            <TimeBasedFileNamingAndTriggeringPolicy class="ch.qos.logback.core.rolling.SizeAndTimeBasedFNATP">-->
<!--                <MaxFileSize>500MB</MaxFileSize>-->
<!--            </TimeBasedFileNamingAndTriggeringPolicy>-->
<!--        </rollingPolicy>-->
<!--        <encoder class="ch.qos.logback.classic.encoder.PatternLayoutEncoder">-->
<!--            <pattern>${ENCODER_PATTERN}</pattern>-->
<!--        </encoder>-->
<!--    </appender>-->

<!--    &lt;!&ndash; load-info &ndash;&gt;-->
<!--    <appender name="loadInfo" class="ch.qos.logback.core.rolling.RollingFileAppender">-->
<!--        <file>${LOG_HOME}/load-info.log</file>-->
<!--        <rollingPolicy class="ch.qos.logback.core.rolling.TimeBasedRollingPolicy">-->
<!--            <fileNamePattern>${LOG_HOME}/bak/%d{yyyy-MM-dd}/load-info.%i.log.gz</fileNamePattern>-->
<!--            <maxHistory>${INFO_ALIVE_DAYS}</maxHistory>-->
<!--            <TimeBasedFileNamingAndTriggeringPolicy class="ch.qos.logback.core.rolling.SizeAndTimeBasedFNATP">-->
<!--                <MaxFileSize>500MB</MaxFileSize>-->
<!--            </TimeBasedFileNamingAndTriggeringPolicy>-->
<!--        </rollingPolicy>-->
<!--        <encoder class="ch.qos.logback.classic.encoder.PatternLayoutEncoder">-->
<!--            <pattern>${ENCODER_PATTERN}</pattern>-->
<!--        </encoder>-->
<!--    </appender>-->

<!--    &lt;!&ndash; sort-info &ndash;&gt;-->
<!--    <appender name="sortInfo" class="ch.qos.logback.core.rolling.RollingFileAppender">-->
<!--        <file>${LOG_HOME}/sort-info.log</file>-->
<!--        <rollingPolicy class="ch.qos.logback.core.rolling.TimeBasedRollingPolicy">-->
<!--            <fileNamePattern>${LOG_HOME}/bak/%d{yyyy-MM-dd}/sort-info.%i.log.gz</fileNamePattern>-->
<!--            <maxHistory>${INFO_ALIVE_DAYS}</maxHistory>-->
<!--            <TimeBasedFileNamingAndTriggeringPolicy class="ch.qos.logback.core.rolling.SizeAndTimeBasedFNATP">-->
<!--                <MaxFileSize>500MB</MaxFileSize>-->
<!--            </TimeBasedFileNamingAndTriggeringPolicy>-->
<!--        </rollingPolicy>-->
<!--        <encoder class="ch.qos.logback.classic.encoder.PatternLayoutEncoder">-->
<!--            <pattern>${ENCODER_PATTERN}</pattern>-->
<!--        </encoder>-->
<!--    </appender>-->

<!--    &lt;!&ndash; apollo-info &ndash;&gt;-->
<!--    <appender name="apolloInfo" class="ch.qos.logback.core.rolling.RollingFileAppender">-->
<!--        <file>${LOG_HOME}/apollo-info.log</file>-->
<!--        <rollingPolicy class="ch.qos.logback.core.rolling.TimeBasedRollingPolicy">-->
<!--            <fileNamePattern>${LOG_HOME}/bak/%d{yyyy-MM-dd}/apollo-info.%i.log.gz</fileNamePattern>-->
<!--            <maxHistory>${INFO_ALIVE_DAYS}</maxHistory>-->
<!--            <TimeBasedFileNamingAndTriggeringPolicy class="ch.qos.logback.core.rolling.SizeAndTimeBasedFNATP">-->
<!--                <MaxFileSize>500MB</MaxFileSize>-->
<!--            </TimeBasedFileNamingAndTriggeringPolicy>-->
<!--        </rollingPolicy>-->
<!--        <encoder class="ch.qos.logback.classic.encoder.PatternLayoutEncoder">-->
<!--            <pattern>${ENCODER_PATTERN}</pattern>-->
<!--        </encoder>-->
<!--    </appender>-->

<!--    &lt;!&ndash; dal-digest &ndash;&gt;-->
<!--    <appender name="dalDigest" class="ch.qos.logback.core.rolling.RollingFileAppender">-->
<!--        <file>${LOG_HOME}/dal-digest.log</file>-->
<!--        <rollingPolicy class="ch.qos.logback.core.rolling.TimeBasedRollingPolicy">-->
<!--            <fileNamePattern>${LOG_HOME}/bak/%d{yyyy-MM-dd}/dal-digest.%i.log.gz</fileNamePattern>-->
<!--            <maxHistory>${DIGEST_ALIVE_DAYS}</maxHistory>-->
<!--            <TimeBasedFileNamingAndTriggeringPolicy class="ch.qos.logback.core.rolling.SizeAndTimeBasedFNATP">-->
<!--                <MaxFileSize>500MB</MaxFileSize>-->
<!--            </TimeBasedFileNamingAndTriggeringPolicy>-->
<!--        </rollingPolicy>-->
<!--        <encoder class="ch.qos.logback.classic.encoder.PatternLayoutEncoder">-->
<!--            <pattern>${ENCODER_PATTERN}</pattern>-->
<!--        </encoder>-->
<!--    </appender>-->


<!--    &lt;!&ndash; dal-info &ndash;&gt;-->
<!--    <appender name="dalInfo" class="ch.qos.logback.core.rolling.RollingFileAppender">-->
<!--        <file>${LOG_HOME}/dal-info.log</file>-->
<!--        <rollingPolicy class="ch.qos.logback.core.rolling.TimeBasedRollingPolicy">-->
<!--            <fileNamePattern>${LOG_HOME}/bak/%d{yyyy-MM-dd}/dal-info.%i.log.gz</fileNamePattern>-->
<!--            <maxHistory>${INFO_ALIVE_DAYS}</maxHistory>-->
<!--            <TimeBasedFileNamingAndTriggeringPolicy class="ch.qos.logback.core.rolling.SizeAndTimeBasedFNATP">-->
<!--                <MaxFileSize>500MB</MaxFileSize>-->
<!--            </TimeBasedFileNamingAndTriggeringPolicy>-->
<!--        </rollingPolicy>-->
<!--        <encoder class="ch.qos.logback.classic.encoder.PatternLayoutEncoder">-->
<!--            <pattern>${ENCODER_PATTERN}</pattern>-->
<!--        </encoder>-->
<!--    </appender>-->
<!--    &lt;!&ndash; integration-digest &ndash;&gt;-->
<!--    <appender name="integrationDigest" class="ch.qos.logback.core.rolling.RollingFileAppender">-->
<!--        <file>${LOG_HOME}/integration-digest.log</file>-->
<!--        <rollingPolicy class="ch.qos.logback.core.rolling.TimeBasedRollingPolicy">-->
<!--            <fileNamePattern>${LOG_HOME}/bak/%d{yyyy-MM-dd}/integration-digest.%i.log.gz</fileNamePattern>-->
<!--            <maxHistory>${DIGEST_ALIVE_DAYS}</maxHistory>-->
<!--            <TimeBasedFileNamingAndTriggeringPolicy class="ch.qos.logback.core.rolling.SizeAndTimeBasedFNATP">-->
<!--                <MaxFileSize>500MB</MaxFileSize>-->
<!--            </TimeBasedFileNamingAndTriggeringPolicy>-->
<!--        </rollingPolicy>-->
<!--        <encoder class="ch.qos.logback.classic.encoder.PatternLayoutEncoder">-->
<!--            <pattern>${ENCODER_PATTERN}</pattern>-->
<!--        </encoder>-->
<!--    </appender>-->

<!--    &lt;!&ndash; integration-info &ndash;&gt;-->
<!--    <appender name="integrationInfo" class="ch.qos.logback.core.rolling.RollingFileAppender">-->
<!--        <file>${LOG_HOME}/integration-info.log</file>-->
<!--        <rollingPolicy class="ch.qos.logback.core.rolling.TimeBasedRollingPolicy">-->
<!--            <fileNamePattern>${LOG_HOME}/bak/%d{yyyy-MM-dd}/integration-info.%i.log.gz</fileNamePattern>-->
<!--            <maxHistory>${INFO_ALIVE_DAYS}</maxHistory>-->
<!--            <TimeBasedFileNamingAndTriggeringPolicy class="ch.qos.logback.core.rolling.SizeAndTimeBasedFNATP">-->
<!--                <MaxFileSize>500MB</MaxFileSize>-->
<!--            </TimeBasedFileNamingAndTriggeringPolicy>-->
<!--        </rollingPolicy>-->
<!--        <encoder class="ch.qos.logback.classic.encoder.PatternLayoutEncoder">-->
<!--            <pattern>${ENCODER_PATTERN}</pattern>-->
<!--        </encoder>-->
<!--    </appender>-->

<!--    &lt;!&ndash; ERROR &ndash;&gt;-->
<!--    <appender name="ERROR" class="ch.qos.logback.core.rolling.RollingFileAppender">-->
<!--        <file>${LOG_HOME}/error.log</file>-->
<!--        <filter class="ch.qos.logback.classic.filter.ThresholdFilter">-->
<!--            <level>ERROR</level>-->
<!--        </filter>-->
<!--        <rollingPolicy class="ch.qos.logback.core.rolling.TimeBasedRollingPolicy">-->
<!--            <fileNamePattern>${LOG_HOME}/bak/%d{yyyy-MM-dd}/error.%i.log.gz</fileNamePattern>-->
<!--            <maxHistory>${ERROR_ALIVE_DAYS}</maxHistory>-->
<!--            <TimeBasedFileNamingAndTriggeringPolicy class="ch.qos.logback.core.rolling.SizeAndTimeBasedFNATP">-->
<!--                <MaxFileSize>500MB</MaxFileSize>-->
<!--            </TimeBasedFileNamingAndTriggeringPolicy>-->
<!--        </rollingPolicy>-->
<!--        <encoder class="ch.qos.logback.classic.encoder.PatternLayoutEncoder">-->
<!--            <pattern>${ENCODER_PATTERN}</pattern>-->
<!--        </encoder>-->
<!--    </appender>-->

<!--    &lt;!&ndash; WARN &ndash;&gt;-->
<!--    <appender name="WARN" class="ch.qos.logback.core.rolling.RollingFileAppender">-->
<!--        <file>${LOG_HOME}/warn.log</file>-->
<!--        <filter class="ch.qos.logback.classic.filter.ThresholdFilter">-->
<!--            <level>WARN</level>-->
<!--        </filter>-->
<!--        <rollingPolicy class="ch.qos.logback.core.rolling.TimeBasedRollingPolicy">-->
<!--            <fileNamePattern>${LOG_HOME}/bak/%d{yyyy-MM-dd}/warn.%i.log.gz</fileNamePattern>-->
<!--            <maxHistory>${ERROR_ALIVE_DAYS}</maxHistory>-->
<!--            <TimeBasedFileNamingAndTriggeringPolicy class="ch.qos.logback.core.rolling.SizeAndTimeBasedFNATP">-->
<!--                <MaxFileSize>500MB</MaxFileSize>-->
<!--            </TimeBasedFileNamingAndTriggeringPolicy>-->
<!--        </rollingPolicy>-->
<!--        <encoder class="ch.qos.logback.classic.encoder.PatternLayoutEncoder">-->
<!--            <pattern>${ENCODER_PATTERN}</pattern>-->
<!--        </encoder>-->
<!--    </appender>-->

<!--    <logger name="com.youzan.ycm.qa.enable.platform" level="INFO">-->
<!--        <appender-ref ref="allFileAppender"/>-->
<!--    </logger>-->

<!--    <logger name="com.youzan.nova.framework.ibatis" level="ERROR">-->
<!--        <appender-ref ref="allFileAppender"/>-->
<!--    </logger>-->

<!--    <logger name="com.youzan.nsq" level="WARN">-->
<!--        <appender-ref ref="allFileAppender"/>-->
<!--    </logger>-->

<!--    <logger name="service-info" level="INFO" additivity="false">-->
<!--        <appender-ref ref="serviceInfo"/>-->
<!--        <appender-ref ref="WARN"/>-->
<!--    </logger>-->

<!--    <logger name="request" level="INFO" additivity="false">-->
<!--        <appender-ref ref="requestAppender"/>-->
<!--        <appender-ref ref="WARN"/>-->
<!--    </logger>-->

<!--    <logger name="service-digest" level="INFO" additivity="false">-->
<!--        <appender-ref ref="serviceDigest"/>-->
<!--        <appender-ref ref="WARN"/>-->
<!--    </logger>-->

<!--    <logger name="dal-info" level="INFO" additivity="false">-->
<!--        <appender-ref ref="dalInfo"/>-->
<!--        <appender-ref ref="WARN"/>-->
<!--    </logger>-->


<!--    <logger name="dal-digest" level="INFO" additivity="false">-->
<!--        <appender-ref ref="dalDigest"/>-->
<!--        <appender-ref ref="WARN"/>-->
<!--    </logger>-->

<!--    <logger name="calculate-digest" level="INFO" additivity="false">-->
<!--        <appender-ref ref="calculateDigest"/>-->
<!--        <appender-ref ref="WARN"/>-->
<!--    </logger>-->

<!--    <logger name="resource-digest" level="INFO" additivity="false">-->
<!--        <appender-ref ref="resourceDigest"/>-->
<!--        <appender-ref ref="WARN"/>-->
<!--    </logger>-->

<!--    <logger name="resource-info" level="INFO" additivity="false">-->
<!--        <appender-ref ref="resourceInfo"/>-->
<!--        <appender-ref ref="WARN"/>-->
<!--    </logger>-->

<!--    <logger name="group-info" level="INFO" additivity="false">-->
<!--        <appender-ref ref="groupInfo"/>-->
<!--        <appender-ref ref="WARN"/>-->
<!--    </logger>-->

<!--    <logger name="plan-info" level="INFO" additivity="false">-->
<!--        <appender-ref ref="planInfo"/>-->
<!--        <appender-ref ref="WARN"/>-->
<!--    </logger>-->
<!--    <logger name="execute-info" level="INFO" additivity="false">-->
<!--        <appender-ref ref="executeInfo"/>-->
<!--        <appender-ref ref="WARN"/>-->
<!--    </logger>-->
<!--    <logger name="validate-info" level="INFO" additivity="false">-->
<!--        <appender-ref ref="validateInfo"/>-->
<!--        <appender-ref ref="WARN"/>-->
<!--    </logger>-->
<!--    <logger name="filter-info" level="INFO" additivity="false">-->
<!--        <appender-ref ref="filterInfo"/>-->
<!--        <appender-ref ref="WARN"/>-->
<!--    </logger>-->
<!--    <logger name="load-info" level="INFO" additivity="false">-->
<!--        <appender-ref ref="loadInfo"/>-->
<!--        <appender-ref ref="WARN"/>-->
<!--    </logger>-->
<!--    <logger name="sort-info" level="INFO" additivity="false">-->
<!--        <appender-ref ref="sortInfo"/>-->
<!--        <appender-ref ref="WARN"/>-->
<!--    </logger>-->
<!--    <logger name="apollo-info" level="INFO" additivity="false">-->
<!--        <appender-ref ref="apolloInfo"/>-->
<!--        <appender-ref ref="WARN"/>-->
<!--    </logger>-->
<!--    <logger name="integration-info" level="INFO" additivity="false">-->
<!--        <appender-ref ref="integrationInfo"/>-->
<!--        <appender-ref ref="WARN"/>-->
<!--    </logger>-->

<!--    <logger name="integration-digest" level="INFO" additivity="false">-->
<!--        <appender-ref ref="integrationDigest"/>-->
<!--        <appender-ref ref="WARN"/>-->
<!--    </logger>-->
<!--    <logger name="com.ibatis" level="DEBUG"/>-->
<!--    <logger name="com.ibatis.common.jdbc.SimpleDataSource" level="DEBUG"/>-->
<!--    <logger name="com.ibatis.common.jdbc.ScriptRunner" level="DEBUG"/>-->
<!--    <logger name="com.ibatis.sqlmap.engine.impl.SqlMapClientDelegate" level="DEBUG"/>-->
<!--    <logger name="java.sql.Connection" level="DEBUG"/>-->
<!--    <logger name="java.sql.Statement" level="DEBUG"/>-->
<!--    <logger name="java.sql.PreparedStatement" level="DEBUG"/>-->
<!--    <logger name="com.youzan.replay" level="WARN"/>-->
<!--    <logger name="com.youzan.nova" level="WARN"/>-->

<!--    <root>-->
<!--        <level value="INFO"/>-->
<!--        <appender-ref ref="allFileAppender"/>-->
<!--        <appender-ref ref="ERROR"/>-->
<!--        <appender-ref ref="WARN"/>-->
<!--    </root>-->

</configuration>