<?xml version="1.0" encoding="UTF-8"?>
<beans xmlns:xsi="http://www.w3.org/2001/XMLSchema-instance"
       xmlns:dubbo="http://code.alibabatech.com/schema/dubbo"
       xmlns="http://www.springframework.org/schema/beans"
       xsi:schemaLocation="http://www.springframework.org/schema/beans http://www.springframework.org/schema/beans/spring-beans.xsd
            http://code.alibabatech.com/schema/dubbo http://code.alibabatech.com/schema/dubbo/dubbo.xsd">

    <!--  yop-->
    <dubbo:reference id="marketRemoteService" interface="com.youzan.yop.api.MarketRemoteService" check="false"
                     protocol="dubbo" registry="haunt" timeout="3000"/>

    <dubbo:reference id="basicRemoteService" interface="com.youzan.yop.api.BasicRemoteService" check="false"
                     protocol="dubbo" registry="haunt" timeout="3000"/>

    <dubbo:reference id="advanceRemoteService" interface="com.youzan.ycm.perform.api.AdvanceRemoteService"
                     check="false"
                     protocol="dubbo" registry="haunt" timeout="3000"/>

    <dubbo:reference id="shopCreateService" interface="com.youzan.shopcenter.shop.service.ShopCreateService"
                     timeout="8000" protocol="dubbo" registry="haunt" check="true"/>

    <dubbo:reference id="RetailChainCreateOuterService" interface="com.youzan.shopcenter.outer.service.chain.RetailChainCreateOuterService"
                     timeout="8000" protocol="dubbo" registry="haunt" check="true"/>

    <dubbo:reference id="goodsToolsRemoteService" interface="com.youzan.yop.api.GoodsToolsRemoteService" check="false"
                     timeout="3000" protocol="dubbo" registry="haunt"/>

    <dubbo:reference id="basicQueryRemoteServiceV2" interface="com.youzan.yop.api.BasicQueryRemoteServiceV2" check="false"
                     timeout="3000" protocol="dubbo" registry="haunt"/>

    <dubbo:reference id="orderRemoteService" interface="com.youzan.yop.api.OrderRemoteService" check="false"
                     timeout="3000" protocol="dubbo" registry="haunt"/>

    <dubbo:reference id="paymentRemoteService" interface="com.youzan.yop.api.PaymentRemoteService" check="false"
                     timeout="3000" protocol="dubbo" registry="haunt"/>

    <dubbo:reference id="ycmRefactorRemoteService" interface="com.youzan.yop.api.YcmRefactorRemoteService"
                     check="false" timeout="3000" protocol="dubbo" registry="haunt"/>


    <!--ycm-perform-->
    <dubbo:reference id="pfAppStatusRemoteService" interface="com.youzan.ycm.perform.api.PfAppStatusRemoteService" check="false"
                     timeout="3000" protocol="dubbo" registry="haunt"/>

    <!--  ycm-perform-->
    <dubbo:reference id="pfRefundRemoteService" interface="com.youzan.ycm.perform.api.PfRefundRemoteService"
                     check="false"
                     timeout="3000" protocol="dubbo" registry="haunt"/>

    <dubbo:reference id="productRemoteService" interface="com.youzan.enable.crm.meta.api.service.product.ProductRemoteService"
                     check="false"
                     timeout="3000" protocol="dubbo" registry="haunt"/>
    <dubbo:reference id="productTypeRemoteService" interface="com.youzan.enable.crm.meta.api.service.product.ProductTypeRemoteService"
                     check="false"
                     timeout="3000" protocol="dubbo" registry="haunt"/>
    <!--  ycm-market-->
    <dubbo:reference id="couponSendRemoteService" interface="com.youzan.ycm.market.api.CouponSendRemoteService"
                     check="false"
                     timeout="3000" protocol="dubbo" registry="haunt"/>
    <!--yzcoin-->
    <dubbo:reference id="yzCoinService" interface="com.youzan.yop.yzcoin.api.YzCoinService"
                     check="false" timeout="8000" protocol="dubbo" registry="haunt"/>
    <dubbo:reference id="accountService" interface="com.youzan.yop.yzcoin.api.AccountService"
                     check="false" timeout="8000" protocol="dubbo" registry="haunt"/>

    <!--shop-->
    <dubbo:reference id="shopCreateOuterService" interface="com.youzan.shopcenter.outer.service.shop.ShopCreateOuterService"
                     check="false" timeout="8000" protocol="dubbo" registry="haunt"/>
    <dubbo:reference id="shopConfigWriteService" interface="com.youzan.shopcenter.shopconfig.api.service.ShopConfigWriteService"
                     check="false" timeout="8000" protocol="dubbo" registry="haunt"/>
    <dubbo:reference id="prodReadService" interface="com.youzan.shopcenter.shopprod.api.service.prod.ProdReadService"
                     check="false" timeout="8000" protocol="dubbo" registry="haunt"/>
    <dubbo:reference id="eduChainCreateOuterService" interface="com.youzan.shopcenter.outer.service.chain.EduChainCreateOuterService"
                     check="false" timeout="8000" protocol="dubbo" registry="haunt"/>
    <dubbo:reference id="shopContactService" interface="com.youzan.shopcenter.shop.service.ShopContactService"
                     check="false" timeout="8000" protocol="dubbo" registry="haunt"/>
    <dubbo:reference id="shopUpgradeService" interface="com.youzan.shopcenter.shopfront.api.service.shop.ShopUpgradeService"
                     check="false" timeout="8000" protocol="dubbo" registry="haunt"/>
    <dubbo:reference id="shopUpgradeUnsafeService" interface="com.youzan.shopcenter.shopfront.api.service.unsafe.ShopUpgradeUnsafeService"
                     check="false" timeout="8000" protocol="dubbo" registry="haunt"/>
    <dubbo:reference id="taskReadService" interface="com.youzan.shopcenter.shopfront.api.service.workflow.TaskReadService"
                     check="false" timeout="8000" protocol="dubbo" registry="haunt"/>
    <dubbo:reference id="hqManageService" interface="com.youzan.retail.shop.api.hq.service.HQManageService"
                     check="false" timeout="8000" protocol="dubbo" registry="haunt"/>
    <dubbo:reference id="shopBaseReadService" interface="com.youzan.shopcenter.shop.service.ShopBaseReadService"
                     check="false" timeout="8000" protocol="dubbo" registry="haunt"/>

    <dubbo:reference id="CorpManageService" interface="com.youzan.wecom.helper.api.corp.manage.corp.CorpManageService"
                     check="false" timeout="8000" protocol="dubbo" registry="haunt"/>
    
    <!--  crm-support-api -->
    <dubbo:reference id="orderProposalInstanceRemoteService" interface="com.youzan.crm.support.api.service.orderproposal.OrderProposalInstanceRemoteService"
                     check="false"
                     timeout="3000" protocol="dubbo" registry="haunt"/>
<!-- crm-support -->
    <dubbo:reference id="ticketInfoRemoteService" interface="com.youzan.crm.support.api.service.ticket.TicketInfoRemoteService"
                     check="false"
                     timeout="3000" protocol="dubbo" registry="haunt"/>
    <dubbo:reference id="ticketTaskRemoteService" interface="com.youzan.crm.support.api.service.ticket.TicketTaskRemoteService"
                     check="false"
                     timeout="3000" protocol="dubbo" registry="haunt"/>
    <dubbo:reference id="ticketUserStockRemoteService" interface="com.youzan.crm.support.api.service.ticket.TicketUserStockRemoteService"
                     check="false"
                     timeout="3000" protocol="dubbo" registry="haunt"/>
    <dubbo:reference id="shopBasicRemoteService" interface="com.youzan.enable.crm.shop.api.service.ShopBasicRemoteService"
                     check="false"
                     timeout="3000" protocol="dubbo" registry="haunt"/>
    <!-- crm-fuwu-role-api -->
    <dubbo:reference id="shopRoleRemoteService" interface="com.youzan.enable.crm.fuwu.role.api.service.ShopRoleRemoteService"
                     check="false" timeout="3000" protocol="dubbo" registry="haunt"/>

    <!--uic-->
    <dubbo:reference id="userRegisterService" interface="com.youzan.uic.api.user.service.UserRegisterService"
                     check="false" timeout="3000" protocol="dubbo" registry="haunt"/>
    <dubbo:reference id="uicSessionService" interface="com.youzan.uic.session.api.service.UicSessionService"
                     timeout="8000" protocol="dubbo" registry="haunt" check="true"/>
    <dubbo:reference id="UserInfoService" interface="com.youzan.uic.api.user.service.UserInfoService"
                     timeout="8000" protocol="dubbo" registry="haunt" check="true"/>

    <!--pay-->
    <dubbo:reference id="payUserInfoService" interface="com.youzan.pay.customer.api.ops.UserInfoService"
                     timeout="8000" protocol="dubbo" registry="haunt" check="true"/>
    <dubbo:reference id="acctransRechargeService" interface="com.youzan.pay.acctrans.api.acctrans.AcctransRechargeService"
                     timeout="8000" protocol="dubbo" registry="haunt" check="true"/>
    <dubbo:reference id="preOrderPayService" interface="com.youzan.pay.unified.cashier.api.v3.PreOrderPayService"
                     check="false"
                     timeout="3000" protocol="dubbo" registry="haunt"/>

    <!--美业-->
    <dubbo:reference id="beautyShopService" interface="com.youzan.sz.beautystore.shop.service.BeautyShopService"
                     timeout="8000" protocol="dubbo" registry="haunt" check="true"/>
</beans>
