<?xml version="1.0" encoding="UTF-8"?>
<beans xmlns:xsi="http://www.w3.org/2001/XMLSchema-instance"
       xmlns:dubbo="http://code.alibabatech.com/schema/dubbo"
       xmlns="http://www.springframework.org/schema/beans"
       xsi:schemaLocation="http://www.springframework.org/schema/beans http://www.springframework.org/schema/beans/spring-beans.xsd
       http://code.alibabatech.com/schema/dubbo http://code.alibabatech.com/schema/dubbo/dubbo.xsd">

    <dubbo:service interface="com.youzan.ycm.qa.enable.platform.biz.service.enable.EnableQueryHistoryService"
                   ref="enableQueryHistoryService" protocol="dubbo" registry="haunt"/>

    <dubbo:service interface="com.youzan.ycm.qa.enable.platform.api.service.ycm.PfOrderService"
                   ref="pfOrderService" protocol="dubbo" registry="haunt"/>

    <dubbo:service interface="com.youzan.ycm.qa.enable.platform.biz.service.enable.EnableTablesDetailService"
                   ref="enableTablesDetailService" protocol="dubbo" registry="haunt"/>

    <dubbo:service interface="com.youzan.ycm.qa.enable.platform.api.service.ycm.code.NewActivationCodeService"
                   ref="newActivationCodeService" protocol="dubbo" registry="haunt"/>

    <dubbo:service interface="com.youzan.ycm.qa.enable.platform.api.service.ycm.coupon.SendCouponService"
                   ref="sendCouponService" protocol="dubbo" registry="haunt"/>
    <dubbo:service interface="com.youzan.ycm.qa.enable.platform.api.service.ycm.crmOrder.CrmOrderService"
                   ref="crmOrderService" protocol="dubbo" registry="haunt"/>
    <dubbo:service interface="com.youzan.ycm.qa.enable.platform.api.service.enable.EnableNewShopPoolService"
                   ref="enableNewShopPoolService" protocol="dubbo" registry="haunt"/>

    <dubbo:service interface="com.youzan.ycm.qa.enable.platform.api.service.crm.fuwu.ResourceTransService"
                   ref="resourceTransService" protocol="dubbo" registry="haunt"/>

    <dubbo:service interface="com.youzan.ycm.qa.enable.platform.api.service.crm.shop.SendTicketService"
                   ref="sendTicketService" protocol="dubbo" registry="haunt"/>

    <dubbo:service interface="com.youzan.ycm.qa.enable.platform.api.service.ycm.perform.ShopTryPerformService"
                   ref="shopTryPerformService" protocol="dubbo" registry="haunt"/>

    <dubbo:service interface="com.youzan.ycm.qa.enable.platform.api.service.ycm.perform.PfOrderStatusService"
                   ref="pfOrderStatusService" protocol="dubbo" registry="haunt"/>

    <dubbo:service interface="com.youzan.ycm.qa.enable.platform.api.service.ycm.shop.CreateShopService"
                   ref="createShopService" protocol="dubbo" registry="haunt"/>

    <dubbo:service interface="com.youzan.ycm.qa.enable.platform.api.service.crm.ci.SuiteListenerService"
                   ref="suiteListenerService" protocol="dubbo" registry="haunt"/>

    <dubbo:service interface="com.youzan.ycm.qa.enable.platform.api.service.ycm.onlineTrade.OnlineOrderService"
                   ref="onlineOrderService" protocol="dubbo" registry="haunt"/>

</beans>
